{
    "model_list": [
        "language/generative/llama3",
        "language/nlp/bert",
        "language/nlp/ernie3",
        "multimodality/classification/clip",
        "multimodality/generative/stablediffusionv1_5",
        "vision/classification/ViT",
        "vision/classification/mobilenetv2",
        "vision/classification/resnet",
        "vision/detection/ghostnet",
        "vision/detection/yolov5s",
        "vision/segmentation/bisenetv2",
        "vision/segmentation/unet"
    ],
    "model_info": {
        "language/generative/llama3": {
            "Params(M)": 803,
            "FLOPs(G)": 1000,
            "Latency_stand": 12.823423942847835,
            "Energy_stand": 3.071040762124711
        },
        "language/nlp/bert": {
            "Params(M)": 109.48224,
            "FLOPs(G)": 43.52704512,
            "Latency_stand": 7.297198380414141,
            "Energy_stand": 1.7821708569807029
        },
        "language/nlp/ernie3": {
            "Params(M)": 75.427584,
            "FLOPs(G)": 21.764898816,
            "Latency_stand": 4.781777105723348,
            "Energy_stand": 1.16279466833143
        },
        "multimodality/classification/clip": {
            "Params(M)": 151.277313,
            "FLOPs(G)": 17.520132096,
            "Latency_stand": 15.47681792318826,
            "Energy_stand": 1.2595866907402624
        },
        "multimodality/generative/stablediffusionv1_5": {
            "Params(M)": 1066.235307,
            "FLOPs(G)": 746.898079232,
            "Latency_stand": 9935.393543243408,
            "Energy_stand": 2408.9270580000016
        },
        "vision/classification/ViT": {
            "Params(M)": 86.415592,
            "FLOPs(G)": 33.727260672,
            "Latency_stand": 6.1526401449755825,
            "Energy_stand": 1.5099032608695657
        },
        "vision/classification/mobilenetv2": {
            "Params(M)": 3.504872,
            "FLOPs(G)": 0.85469184,
            "Latency_stand": 5.960803780700049,
            "Energy_stand": 0.46247926683886303
        },
        "vision/classification/resnet": {
            "Params(M)": 25.557032,
            "FLOPs(G)": 10.797092864,
            "Latency_stand": 5.5473242494048876,
            "Energy_stand": 0.9952315140682305
        },
        "vision/detection/ghostnet": {
            "Params(M)": 5.182508,
            "FLOPs(G)": 2.48714208,
            "Latency_stand": 10.809146240510175,
            "Energy_stand": 0.9340334894613578
        },
        "vision/detection/yolov5s": {
            "Params(M)": 7.235389,
            "FLOPs(G)": 16.6252544,
            "Latency_stand": 10.51667230266866,
            "Energy_stand": 1.1345595816779626
        },
        "vision/segmentation/bisenetv2": {
            "Params(M)": 3.358627,
            "FLOPs(G)": 199.348750336,
            "Latency_stand": 22.129286500523996,
            "Energy_stand": 5.419335673017828
        },
        "vision/segmentation/unet": {
            "Params(M)": 31.032915,
            "FLOPs(G)": 683.5666944,
            "Latency_stand": 46.458718872070314,
            "Energy_stand": 11.425520759999998
        }
    }
}